path	sha256	source_path	selection
metadata/94sp.pop.list	2bf5ebb25c9067d15706ac2f03f71404c797c1275b4064477a137aed1464b6b7	user_supplied_20261001/94sp.pop.list	author-selected release
metadata/atau_retained_samples.txt	69688aab7339f7f7e8e48a6c2128740f0553095b8253fdd769acb1ff0a1474c7	author_supplied_20261001/atau_retained_samples	author-selected release
scripts/00_phylogeny/config/config_97sp_accurate.yaml	6c7f648cc09ff18371b664f61d90fb3e037cf02b34e09552919639fb37bedff4	LSF/publication_candidates/REVIEW/run97/config_97sp_accurate.yaml	author-selected release
scripts/00_phylogeny/selected/run_roadies_97sp_accurate_v2.sh	9b0535baab3eeec7a0248843e3fd6929d970b05c6b5565423d58647ee9b4365d	scripts/00_phylogeny/source_candidates/run_roadies_97sp_accurate_v2_LSF8.sh	author-selected release
scripts/01_synteny/plot_genetribe_three_references.R	44acabd4f18e656ac924074c9a81f7e90737ca2f241dc31a26fb1a5431f68ee9	LSF/publication_candidates/02_synteny_pairwise/3.genetribe/plot_genetribe_grouped_v2.R	author-selected release
scripts/01_synteny/run_genetribe_three_references.sh	92a11dc3c1b49b8788bb500de95e14368fb24550203a81696c67730db7e05b8f	consolidated_from_batch.genetribe.sh_and_step1_prepare_genetribe_ref_layout.sh	author-selected release
scripts/01_synteny/species_94.list	03824c87f235003f624e1a05805be7fe56a9a74a8c3a4e7046b5114add2723db	user_supplied_20261002/species_list	author-selected release
scripts/01_synteny/summarize_genetribe_three_references.py	dd8b3c32ee4641b2552c2b3281278893764ef196c620d8ce76566b9647b2f4ac	LSF/publication_candidates/02_synteny_pairwise/3.genetribe/summarize_genetribe_main_table.py	author-selected release
scripts/02_alignment/selected/coverage/compute_alignment_depth.py	46aae89cc9afc8616ad0d8f4e3c431960f5f9a20804c687d0e77f9abf33c2e2e	author_supplied_fig2b_all.py	author-selected release
scripts/02_alignment/selected/coverage/maf_pair_coverage.sbatch	93218a6f1ae71b5ae1497a935af9410857186cb3b90240c5089fc36041be9402	author_supplied_fig2_coverage_job	author-selected release
scripts/02_alignment/selected/coverage/plot_alignment_depth_three_species.py	18633d81a5043933fd99e76be639bcec748e3e5b29b0ab8efb5bc58fd58a2ce2	LSF/plot_three_species_coverage.py	author-selected release
scripts/02_alignment/selected/coverage/plot_grouped_coverage_final.R	7ab46289f6f4bdb422d01a6bae3c286a0dde397ddee06de04a0253fdf9045112	author_supplied_fig2_coverage_plot	author-selected release
scripts/02_alignment/selected/coverage/summarize_coverage.py	e811c4071ad350b82e64fd687d4bde0439711a24815e876e93bce35925e68414	LSF/extract_coverage.sh	author-selected release
scripts/02_alignment/selected/prepare_existing_tree_config.py	c0aac81b3755fc5372ae5d1f2fef68819556c1e4273e44c7850485591efe8df1	author_supplied_msa_driver_plus_methods	author-selected release
scripts/02_alignment/selected/run_msa_with_existing_tree.sh	445ccbc5a0b024c68d9976bcf005c37e57b06bca4e62da8b3d2b52a019c78fdf	author_supplied_msa_driver_plus_methods	author-selected release
scripts/03_constraint/selected/gerp_histogram/plot_gerp_mbe_final.py	c23b078461b0e3f035cc412569c6ab913787998fb5fe4200c1b416bac051c147	user_attachment/7a9c8d45-260a-45c6-b54b-9df1832cf662/plot_gerp_mbe_final.py	author-selected release
scripts/03_constraint/selected/gerp_histogram/run_gerp_histogram.lsf.sh	af2065902b9fdf7967a8c2173ac12ae01776cbce29c6a91f1b499506a5b2c470	LSF/plot_gerp_pubstyle.lsf.sh	author-selected release
scripts/03_constraint/selected/region_annotation/plot_CD_combined.R	13fa73b828cfe0b1d925ea858e9c24f844e8d04f04c050a135ca54b1dbc9934d	LSF/publication_candidates/04_gerp_constraint/2.msa/2.2.ped_result_stat/2.4.draw_constrain/plot_CD_combined.R	author-selected release
scripts/03_constraint/selected/region_annotation/plot_gt2_multi_species.R	625308b0e4dc4e639c44e817858bc079058dd6801a2158f22d4f9f3f239ea06b	LSF/publication_candidates/04_gerp_constraint/2.msa/2.2.ped_result_stat/2.4.draw_constrain/pie/multi-species.R	author-selected release
scripts/03_constraint/selected/region_annotation/run_intersect.sh	58b678163286ae672b67843d1b9144eb22c4a537cfece2b130800416e636c2d4	scripts/03_constraint/source_candidates/run_intersect_original.sh	author-selected release
scripts/04_snp_filter/selected/atau/extract_retained_samples.sh	e8b3faa199b15b32a0d84dbe36d80493a276d7c90ff3e37b501fe88944cf3a2b	curated_from_author_supplied_and_recovered_jobs_20261001	author-selected release
scripts/04_snp_filter/selected/atau/step1_vcf_filter.sh	726c1e65653c5d681833a1f7cc0dede1e4940de9660a86b582c093537afe9683	LSF/Atau/step1_vcf_filter.sh	author-selected release
scripts/05_annotation/selected/atau/settings.sh	0d1b61a7a291fc2dbd2e4e75d336992f2626ee34d5d46e193f4cb3aa14e9fe89	curated_from_author_supplied_and_recovered_jobs_20261001	author-selected release
scripts/05_annotation/selected/atau/step2_snp_annotation.sh	edbd5f0ec02eb53fa6c035ab3ce1578b47d96f5244dae18f55bcc330223a8099	LSF/Atau/step2_snp_annotaion.sh	author-selected release
scripts/05_annotation/selected/atau/step3_intersect_snps_gerp.sh	0e9065dbebf5407796f586107bcf4350589ad6ebf3e4a0c60979d05bf7320ad2	LSF/Atau/step2_deleterious.sh	author-selected release
scripts/05_annotation/selected/atau/step4_functional_intersect.sh	a83a56fd8b4bd23f6c1289385fe3feec505f865b00450ff96c3bb4a720865b02	LSF/Atau/step3_deleterious_annotation.sh	author-selected release
scripts/05_annotation/selected/common/annotate_sift4g.sh	973a01f678370c860ca9b5c02f149689ba6d743aa5eef2df8367b6a41c5d07ad	curated_from_author_supplied_and_recovered_jobs_20261001	author-selected release
scripts/05_annotation/selected/common/annotate_snpeff.sh	992bb7b406ed2a303a20307cecb40c533b72bbea9f77f8aa8ca9fe0c735b95d4	curated_from_author_supplied_and_recovered_jobs_20261001	author-selected release
scripts/05_annotation/selected/common/build_sift_db_array.sbatch	e75078aa6794e068ba1eaf4af317f7bdf292badf850f204aa816009c6ef50d37	curated_from_author_supplied_and_recovered_jobs_20261001	author-selected release
scripts/05_annotation/selected/common/build_snpeff.sh	b0471d2b71410ae3d1fd3980b720f4422001991f59083bd5ccc4a79f52dc5425	curated_from_author_supplied_and_recovered_jobs_20261001	author-selected release
scripts/05_annotation/selected/common/merge_sift_db.sh	98e882b8f36d6213f465d675e41938f0d35252c5690277fcfd096f8f3191d7f0	curated_from_author_supplied_and_recovered_jobs_20261001	author-selected release
scripts/05_annotation/selected/common/workflow.sh	a92eb198ca3f47393920989cb64cb6de87f3c5a98953b1db3ea109f5d9a0e43d	curated_from_author_supplied_and_recovered_jobs_20261001	author-selected release
scripts/05_annotation/selected/ped/settings.sh	388a19e30ab4b26f3edb80d31e549c953db79254325e2df051f4a62641de92d9	curated_from_author_supplied_and_recovered_jobs_20261001	author-selected release
scripts/05_annotation/selected/zmay/settings.sh	ce222898bd9aae68a8a2aec01be3d2ae6e9ad02e07ca3a99f1c0af710fc2c2e6	curated_from_author_supplied_and_recovered_jobs_20261001	author-selected release
scripts/06_roh_burden/selected/atau/pi_het.sh	f35952fa4efacab4490693f97a87c644111f9c7743b887310225667f7410f7b9	curated_from_author_supplied_and_recovered_jobs_20261001	author-selected release
scripts/06_roh_burden/selected/atau/run_roh_froh.sh	7b98c7691c32463d8ef8506a35acdf78010ffca64d4f59aa7103a3b154b09ff1	scripts/06_roh_burden/source_candidates/atau_user_supplied_original.txt	author-selected release
scripts/06_roh_burden/selected/common/calculate_pi_heterozygosity.sh	a5f03c7e18f1de74bed46a447962651222e59e4bb51b1b885abe6c3c728edd36	curated_from_author_supplied_and_recovered_jobs_20261001	author-selected release
scripts/06_roh_burden/selected/ped/pi_het.sh	984ce0638bf25c14074b624857fbe7336e374ead7c1637c20852cd85d9ddd296	curated_from_author_supplied_and_recovered_jobs_20261001	author-selected release
scripts/06_roh_burden/selected/ped/run_roh_froh.sh	23555b114635cef6f8585d59e6fbd59cc9b7eee4496143f189ea01c313899c31	scripts/06_roh_burden/source_candidates/ped_user_supplied_original.txt	author-selected release
scripts/06_roh_burden/selected/teosinte/pi_het.sh	85ef7adec95b13149ef15454c33b2f69d39a3cd041e46d5e4072145773fcc69e	curated_from_author_supplied_and_recovered_jobs_20261001	author-selected release
scripts/06_roh_burden/selected/teosinte/run_roh_froh.sh	678d54aec797404e244c339428f3f3e83fe5256336832c99229063a0642d74d5	scripts/06_roh_burden/source_candidates/teosinte_user_supplied_original.txt	author-selected release
scripts/07_gene_compare/selected/synpan/grass.list	9ad0a5252d2b019a3a7fd16e8f3c7b4a5814d34f1fc4e55b5687a29af67da64b	author_supplied_20261001/grass.list	author-selected release
scripts/07_gene_compare/selected/synpan/run_synpan.sbatch	d43da07014348830efd0184f055d5ef764d5767d38c8cd98f6a923b403d8cfbc	curated_from_author_supplied_and_recovered_jobs_20261001	author-selected release
scripts/07_gene_compare/selected/synpan/toolkit/02_blastp_2_DAGchain.pl	009fbe48eea6963c50c84bcd20d1588dbdcfac0c5d070166be6c6d6db87570a0	LSF/publication_candidates/02_synteny_pairwise/7.synpan/01.OG_gene/02_blastp_2_DAGchain.pl	author-selected release
scripts/07_gene_compare/selected/synpan/toolkit/031_subPan_sample.pl	ef5aa93ee0a039f55ab3dd7a4d7cd24a7fa144303d8d64802ea9b7f750c279bb	LSF/publication_candidates/REVIEW/7.synpan/01.OG_gene/031_subPan_sample.pl	author-selected release
scripts/07_gene_compare/selected/synpan/toolkit/032_subPan_SG.pl	86b9e9ac0888f6b52a97fe256308f95fb087dad730d4a40b1b071311c7a3e43f	LSF/publication_candidates/REVIEW/7.synpan/01.OG_gene/032_subPan_SG.pl	author-selected release
scripts/07_gene_compare/selected/synpan/toolkit/03_merge.pl	c41bc0f3304c20c8675c37f252505080a321a91d2511c71c18b9efa02b0aff7b	LSF/publication_candidates/09_synteny_gene_classes/7.synpan/01.OG_gene/03_merge.pl	author-selected release
scripts/07_gene_compare/selected/synpan/toolkit/04_transform_stat.pl	d1fb34f9aadc8b5f3d9044c49d8312790a49d1860716ea3fd6aa9e4cf715e7af	LSF/publication_candidates/REVIEW/7.synpan/01.OG_gene/04_transform_stat.pl	author-selected release
scripts/07_gene_compare/selected/synpan/toolkit/05_get_SG_seq.pl	d721544254b812c9c2daf7fe890f83bfccf7c4fb65a33ef27eebf557b0d90085	LSF/publication_candidates/REVIEW/7.synpan/01.OG_gene/05_get_SG_seq.pl	author-selected release
scripts/07_gene_compare/selected/synpan/toolkit/05_pan_polish.pl	27dc94242d00a643db64bd64f0cb9e21ad170be65d62aa26e2db8a43f0d8a7d3	LSF/publication_candidates/REVIEW/7.synpan/01.OG_gene/05_pan_polish.pl	author-selected release
scripts/07_gene_compare/selected/synpan/toolkit/haplotype_assign_pop.pl	8979d1f2ad7ab522a022f02291f0c245868a026d73eacefe67205fb880cb148e	LSF/publication_candidates/REVIEW/7.synpan/01.OG_gene/haplotype_assign_pop.pl	author-selected release
scripts/07_gene_compare/selected/synpan/toolkit/haplotype_divergence.pl	afcc4eeab47c1a1c843f99d7758181fda587700fe0ae2177137dd2332b71eed8	LSF/publication_candidates/REVIEW/7.synpan/01.OG_gene/haplotype_divergence.pl	author-selected release
scripts/07_gene_compare/selected/synpan/toolkit/haplotype_frequency_Cdiversity.pl	1ad4853a4fe59901f4a59eb5f22e0edc204e3441f2fcedbcc0df522348aa5d40	LSF/publication_candidates/REVIEW/7.synpan/01.OG_gene/haplotype_frequency_Cdiversity.pl	author-selected release
scripts/07_gene_compare/selected/synpan/toolkit/haplotype_frequency_Pdiversity.pl	0b6a578c8e273498c9d8dfd0519f98fecff0352c56693aa4215add47d4c66fcf	LSF/publication_candidates/REVIEW/7.synpan/01.OG_gene/haplotype_frequency_Pdiversity.pl	author-selected release
scripts/07_gene_compare/selected/synpan/toolkit/haplotype_merge.pl	804d25ee2621b255c07c4a615d9b512726e9e2e384d18e1472e44ccde96e72dd	LSF/publication_candidates/REVIEW/7.synpan/01.OG_gene/haplotype_merge.pl	author-selected release
scripts/07_gene_compare/selected/synpan/toolkit/merge_genes_gt_cutoff.pl	79a3c21a8661763352c68a44cf26e124d4b08afa00252cc28797b40b15414faf	LSF/publication_candidates/REVIEW/7.synpan/01.OG_gene/merge_genes_gt_cutoff.pl	author-selected release
scripts/07_gene_compare/selected/synpan/toolkit/merge_genes_lt_cutoff.pl	2c2e8049d3ed9effef292a8ed4746238ac4bdcf9d8830a1a604c88ac21dd6e0a	LSF/publication_candidates/REVIEW/7.synpan/01.OG_gene/merge_genes_lt_cutoff.pl	author-selected release
scripts/07_gene_compare/selected/synpan_build.pl	72144bdc4cbb570779cb59bf848b36c77feccdf68fc578516e2d7e38da0e8a73	syntenic_genes/synpan_build.pl	author-selected release
